Workbook
Name PRODUCTS_간편식: '02_상품목록'!$D$3:$D$27
Name PRODUCTS_영유아: '02_상품목록'!$D$28:$D$36

Sheet 01_작업요청
A1: 작업ID | B1: 순번 | C1: 상품군 | D1: 채널 | E1: 상품명 | F1: 상품코드(자동입력) | G1: 수량 | H1: 딱지여부 | I1: 비고
A2: WO-0001 | B2: 1 | C2: 간편식 | D2: 네이버 | E2: 메추리알 장조림 | F2: =IFERROR(INDEX('02_상품목록'!$A:$A,MATCH($E2,'02_상품목록'!$D:$D,0)),"") | G2: 3 | H2: X
A3: WO-0002 | B3: 1 | C3: 간편식 | D3: 카카오 | E3: 소고기장조림 | F3: =IFERROR(INDEX('02_상품목록'!$A:$A,MATCH($E3,'02_상품목록'!$D:$D,0)),"") | G3: 1 | H3: O
A4: WO-0002 | B4: 2 | C4: 간편식 | D4: 카카오 | E4: 메추리알 장조림 | F4: =IFERROR(INDEX('02_상품목록'!$A:$A,MATCH($E4,'02_상품목록'!$D:$D,0)),"") | G4: 1 | H4: O
A5: WO-0002 | B5: 3 | C5: 간편식 | D5: 카카오 | E5: 부추 꼬막무침 | F5: =IFERROR(INDEX('02_상품목록'!$A:$A,MATCH($E5,'02_상품목록'!$D:$D,0)),"") | G5: 1 | H5: O
F6: =IFERROR(INDEX('02_상품목록'!$A:$A,MATCH($E6,'02_상품목록'!$D:$D,0)),"")
F7: =IFERROR(INDEX('02_상품목록'!$A:$A,MATCH($E7,'02_상품목록'!$D:$D,0)),"")
F8: =IFERROR(INDEX('02_상품목록'!$A:$A,MATCH($E8,'02_상품목록'!$D:$D,0)),"")
F9: =IFERROR(INDEX('02_상품목록'!$A:$A,MATCH($E9,'02_상품목록'!$D:$D,0)),"")
F10: =IFERROR(INDEX('02_상품목록'!$A:$A,MATCH($E10,'02_상품목록'!$D:$D,0)),"")
F11: =IFERROR(INDEX('02_상품목록'!$A:$A,MATCH($E11,'02_상품목록'!$D:$D,0)),"")
F12: =IFERROR(INDEX('02_상품목록'!$A:$A,MATCH($E12,'02_상품목록'!$D:$D,0)),"")
F13: =IFERROR(INDEX('02_상품목록'!$A:$A,MATCH($E13,'02_상품목록'!$D:$D,0)),"")
F14: =IFERROR(INDEX('02_상품목록'!$A:$A,MATCH($E14,'02_상품목록'!$D:$D,0)),"")
F15: =IFERROR(INDEX('02_상품목록'!$A:$A,MATCH($E15,'02_상품목록'!$D:$D,0)),"")
F16: =IFERROR(INDEX('02_상품목록'!$A:$A,MATCH($E16,'02_상품목록'!$D:$D,0)),"")
F17: =IFERROR(INDEX('02_상품목록'!$A:$A,MATCH($E17,'02_상품목록'!$D:$D,0)),"")
... F501: =IFERROR(INDEX('02_상품목록'!$A:$A,MATCH($E501,'02_상품목록'!$D:$D,0)),"")

Sheet 02_상품목록
A1: ⚠ 이 시트는 자동화 기준 데이터입니다. 직접 수정하지 마세요. 상품 추가/변경은 담당자에게 요청하세요.
A2: 상품코드 | B2: 상품군 | C2: 브랜드 | D2: 상품명 | E2: 용량
A3: SIMPLE_BEEF_JANGJORIM_130 | B3: 간편식 | C3: 본죽 | D3: 소고기장조림 | E3: 130g
A4: SIMPLE_QUAIL_JANGJORIM_180 | B4: 간편식 | C4: 본죽 | D4: 메추리알 장조림 | E4: 180g
A5: SIMPLE_CHIVE_KKOMAK_240 | B5: 간편식 | C5: 본죽 | D5: 부추 꼬막무침 | E5: 240g
A6: SIMPLE_BEEF_QUAIL_JANGJORIM_150 | B6: 간편식 | C6: 본죽 | D6: 본 메추리알쇠고기장조림 | E6: 150g
A7: SIMPLE_BEEF_JANGJORIM_300 | B7: 간편식 | C7: 본죽 | D7: 본 쇠고기장조림 | E7: 300g
A8: SIMPLE_MINI_BEEF_JANGJORIM_70 | B8: 간편식 | C8: 본죽 | D8: 미니 쇠고기장조림 | E8: 70g
A9: SIMPLE_MINI_BUTTER_BEEF_JANGJORIM_70 | B9: 간편식 | C9: 본죽 | D9: 미니 본버터쇠고기장조림 | E9: 70g
A10: SIMPLE_QUAIL_JANGJORIM_1000 | B10: 간편식 | C10: 본죽 | D10: 메추리알장조림 대용량 1kg | E10: 1kg
A11: SIMPLE_QUAIL_JANGJORIM_600 | B11: 간편식 | C11: 본죽 | D11: 메추리알장조림 대용량 600g | E11: 600g
A12: SIMPLE_CHUEOTANG_700 | B12: 간편식 | C12: 본죽 | D12: 느리게만든 본남도식추어탕 | E12: 700g
A13: SIMPLE_GALBIJJIM_700 | B13: 간편식 | C13: 본죽 | D13: 느리게만든 갈비찜 | E13: 700g
... A36: BABY_ORGANIC_RICE_PUFF_PURPLE_30 | B36: 영유아 | C36: 베이비본죽 | D36: 유기농쌀과자퍼프 퍼플 | E36: 30g

Sheet 03_채널목록
A1: ⚠ 이 시트는 자동화 기준 데이터입니다. 직접 수정하지 마세요. 채널 추가/변경은 담당자에게 요청하세요.
A2: 채널명 | B2: 채널ID | C2: 비고
A3: 네이버 | B3: naver
A4: 카카오 | B4: kakao
A5: 옥션 | B5: auction
A6: 지마켓 | B6: gmarket
A7: 홈앤쇼핑 | B7: home-and-shopping
A8: 알리익스프레스 | B8: aliexpress
A9: SSG | B9: ssg
A10: SK스토아 | B10: sk-stoa
A11: 쿠팡 | B11: coupang
A12: NS홈쇼핑 | B12: ns-shopping
A13: GS샵 | B13: gs-shop
A14: 롯데온 | B14: lotte-on
... A21: 제이슨딜 | B21: jasondeal

Sheet 04_작성가이드
A1: 제목 — 썸네일 자동화 요청서 — 작성 가이드
A3: 시트 구성
A4: 01_작업요청 — 실제로 작성하는 시트. 이 파일에서 유일하게 직접 입력하는 시트입니다.
A5: 02_상품목록 / 03_채널목록 — 자동화 기준 데이터입니다. 직접 수정하지 마세요 (시트 보호 적용됨).
A6: 04_작성가이드 — 이 시트. 참고용입니다.
A8: 핵심 규칙
A9: 1) 한 썸네일 = 하나의 작업ID — 작업ID는 자유 문자열이지만 파일 내에서 고유해야 합니다. (예: WO-0001)
A10: 2) 혼합상품 작성법 — 여러 상품이 한 썸네일에 들어가면, 같은 작업ID로 행을 여러 개 만들고 "순번"을 1,2,3...으로 채웁니다.
A11: 3) 같은 작업ID 내 일관성 — 같은 작업ID의 모든 행은 상품군 / 채널 / 딱지여부가 서로 같아야 합니다 (한 썸네일의 속성이므로).
A12: 4) 상품 선택 — "상품명" 드롭다운에서 고르세요. "상품코드(자동입력)" 열은 상품명을 기준으로 자동으로 채워지는 자동화 식별자이며, 직접 수정하지 마세요.
A13: 5) 채널 — 실제 출력 규격/템플릿이 달라지는 판매채널 단위입니다. "광고용", "위탁" 같은 표기는 공식 분류가 아니므로 이 목록에 없습니다.
A14: 6) 수량 — 양의 정수만 입력할 수 있습니다 (0 이하, 소수 입력 불가 — 입력 시 자동으로 오류가 표시됩니다).
... A20: 참고 — 이 템플릿은 packages/core/scripts/generateWorkOrderTemplate.mjs 스크립트로 재생성할 수 있습니다.
